LATITUDE,LONGITUDE
,
41.897046897,-87.729030407
41.954105717,-87.693290369
,
,
,
41.960532229,-87.767097026
41.894989505,-87.761902885
,
42.007635047,-87.784822713
41.902212301,-87.74884541
,
41.784916451,-87.650847915
41.837732675,-87.66589445
41.799315886,-87.602970956
41.872497742,-87.725253192
41.684000795,-87.710347761
41.894228849,-87.625384759
41.658398132,-87.637869792
41.961953631,-87.64607681
41.93105481,-87.640537582
41.743541848,-87.625773241
41.902335916,-87.700404566
41.765776226,-87.660053107
41.990319259,-87.722915939
41.764112418,-87.646956394
41.846476383,-87.68080655
41.854358952,-87.656469009
41.937826892,-87.835928095
41.927572405,-87.761891448
41.842609995,-87.703268415
41.681516116,-87.620771547
41.991038172,-87.753004696
41.860848385,-87.703145754
41.919695361,-87.735149909
41.726272529,-87.554375086
41.691845059,-87.559610907
41.652150634,-87.55946644
41.680884627,-87.559187034
41.853650153,-87.675739479
41.81137922,-87.728755676
41.956156204,-87.768470251
41.962017419,-87.719139777
41.773454317,-87.605924621
41.735449015,-87.680408818
41.975896578,-87.681038711
41.778885845,-87.701489169
41.837077447,-87.704965709
41.782729879,-87.800985756
41.930851315,-87.787755655
41.873698456,-87.70115825
41.91226863,-87.765466307
41.93080279,-87.793086301
41.752019119,-87.552960635
41.988797442,-87.813419669
41.749007692,-87.625919151
41.827464553,-87.623021225
41.883761219,-87.632569093
41.764203195,-87.657488833
41.769638442,-87.727556444
41.81598137,-87.66508193
41.8117083,-87.701501357
41.774275831,-87.575912144
41.751090654,-87.610018477
41.730620129,-87.555272137
41.94842748,-87.744746231
41.937702697,-87.833695353
41.956493813,-87.707946184
41.947137953,-87.66650317
41.736512885,-87.621257044
41.888411626,-87.720846493
41.838411916,-87.608432823
41.783333746,-87.615847138
41.911864861,-87.703371497
41.890044285,-87.738396764
41.984697078,-87.674499284
42.007806625,-87.678332769
41.940442903,-87.638633539
41.821590961,-87.703785802
41.794561157,-87.80048397
41.771411026,-87.605875062
41.810656023,-87.632128109
41.735910258,-87.635593973
41.910282255,-87.702273958
41.883312776,-87.681429645
41.861995495,-87.618419977
42.010280177,-87.675975666
41.895303846,-87.721129104
41.751408629,-87.604191857
41.900958919,-87.619928174
41.721346919,-87.643357177
41.801032685,-87.697873955
41.944952853,-87.825316594
41.827558582,-87.681255711
41.903289796,-87.663183851
41.951719527,-87.647081569
41.721256303,-87.655529385
41.894266545,-87.615299112
41.848553599,-87.732255767
41.877819026,-87.648513205
41.937874715,-87.836225033
41.794214159,-87.659158227
41.900659768,-87.771822606
41.997355512,-87.802986027
41.765151028,-87.655019181
41.972338098,-87.653254579
41.808511597,-87.665117292
41.880853307,-87.62804245
41.917827277,-87.743572098
41.954056714,-87.688614472
41.900287014,-87.619549343
41.937725911,-87.63544851
41.951504118,-87.708096852
41.91766638,-87.689552417
41.728235166,-87.59750133
41.939070409,-87.737097898
41.810772487,-87.588882466
42.014236249,-87.690377592
41.912588886,-87.632657841
41.875298162,-87.716685991
42.005188228,-87.665579861
41.659434298,-87.597853029
41.956953108,-87.748060037
41.966434432,-87.849093905
41.896120925,-87.671021969
41.851305771,-87.73336191
41.928626168,-87.671529359
41.93752937,-87.842901464
41.877868907,-87.725699105
41.896790572,-87.624380655
41.910166786,-87.691104924
41.870611279,-87.62068379
41.875762035,-87.745882074
41.903254515,-87.679825045
41.751194338,-87.605367326
41.887618977,-87.626321288
41.791420282,-87.580147769
41.940355782,-87.836817356
41.91838533,-87.781683017
41.887121417,-87.755173644
41.918712943,-87.746020444
41.766814104,-87.666236841
41.861155069,-87.645050985
41.938825514,-87.755507321
41.896036645,-87.676149433
41.990055251,-87.706571651
41.818985864,-87.619709782
41.774725754,-87.610819123
41.721570706,-87.623873354
41.86841103,-87.732405855
41.751051229,-87.612354658
41.822231085,-87.601992183
41.777745526,-87.784028317
41.967411442,-87.653322963
41.891827102,-87.625516711
41.737790942,-87.658399071
41.978027809,-87.846613227
41.852997312,-87.622312487
42.004157874,-87.709204947
41.936673189,-87.764041888
41.811945224,-87.6895723
41.76736796,-87.569660598
41.775002206,-87.720360025
41.878328534,-87.757471116
41.684498445,-87.540276079
41.893428122,-87.625253332
41.751817899,-87.553044224
41.795979241,-87.663391749
41.969932755,-87.710814905
41.751573266,-87.569944899
41.750750387,-87.634384345
41.725701303,-87.62398762
41.884588372,-87.623272561
41.66132051,-87.641502974
41.905609604,-87.691871807
41.94563841,-87.778814985
41.7445231,-87.585231093
41.990845723,-87.669878782
41.85880072,-87.639119948
41.908512178,-87.696368286
41.786342976,-87.704236793
41.935704338,-87.63974813
41.900562301,-87.619055431
41.772230615,-87.722742805
41.885474901,-87.662805185
41.880645654,-87.72337094
41.705001546,-87.642920937
41.926211611,-87.631228704
41.894084346,-87.762250258
41.949504846,-87.648739107
41.845487436,-87.715891936
41.800814851,-87.746789222
41.740367114,-87.607922888
41.965319684,-87.654855094
41.866815784,-87.666529263
41.952090334,-87.839210626
41.705983166,-87.710973658
41.951447167,-87.836801319
41.999764339,-87.762782861
41.881604376,-87.635451374
41.763980212,-87.644527622
41.752419779,-87.613598265
41.928711292,-87.761515797
41.958896781,-87.74595307
41.904079866,-87.682317743
41.833530616,-87.684925711
41.968435555,-87.720402539
41.777268139,-87.653078555
41.880959105,-87.711153817
41.906718619,-87.728147854
41.902451037,-87.733176075
41.96250193,-87.697517383
42.009108603,-87.673890082
41.761970165,-87.627939427
41.66350259,-87.626506112
41.766385126,-87.572571905
41.688112529,-87.55956303
41.751940503,-87.605368082
41.975626736,-87.709675612
41.734222631,-87.64371259
41.863178312,-87.715181994
41.900652406,-87.634277734
41.839570451,-87.64037683
41.997491304,-87.785420392
41.89665962,-87.637247808
41.959749125,-87.786651181
41.823052313,-87.686691718
41.870912943,-87.757129701
41.781233231,-87.733971998
41.953688597,-87.733897659
41.985197378,-87.689351796
41.976532211,-87.768621661
41.663173271,-87.636763079
41.937518478,-87.843539134
41.722732695,-87.54453083
41.889899458,-87.637127301
41.952503701,-87.84636088
41.955861766,-87.80282562
41.940279951,-87.638646319
41.749533615,-87.682979711
41.889026677,-87.758334007
41.761598809,-87.587498478
41.967860445,-87.769943023
41.929375664,-87.776052282
41.886829312,-87.624719879
41.736161509,-87.645159972
41.890968193,-87.720918071
41.90959743,-87.626312214
42.003236895,-87.660953168
41.728744693,-87.638406535
41.744493833,-87.576003561
41.837308371,-87.694371757
41.871301513,-87.680671212
41.963231526,-87.767184464
41.880774477,-87.730850558
41.756490149,-87.615226794
41.680884627,-87.559187034
41.963507989,-87.669158725
41.884582719,-87.632573698
41.797642598,-87.580876329
41.802669237,-87.581283737
41.942206576,-87.831769728
41.910519635,-87.667749686
41.78206741,-87.609060393
41.791554008,-87.674083433
41.988757924,-87.855254684
41.8765507,-87.754851089
41.974344548,-87.735454408
41.782093221,-87.661987636
41.908933751,-87.674983892
41.976532228,-87.836763733
41.917938011,-87.657301896
41.920548281,-87.740492139
41.87174062,-87.627670679
41.906243703,-87.669862281
41.751895766,-87.699568421
41.898241301,-87.626631762
41.816394534,-87.63134009
41.891278982,-87.648946753
41.883143874,-87.683666268
41.703787619,-87.681392732
41.884650172,-87.745283053
41.827513229,-87.666513961
41.91371539,-87.716513743
41.776926923,-87.605706466
41.876975949,-87.725665937
41.772299372,-87.664171101
41.796234875,-87.630404924
41.878579166,-87.617289024
41.876038171,-87.701103023
41.809651122,-87.605905286
41.896696307,-87.635544642
41.66281924,-87.617864527
41.76256031,-87.608082229
41.76113981,-87.564951123
41.771646217,-87.702820434
41.767783113,-87.722339955
41.906715737,-87.727498966
41.897399576,-87.669836427
41.783391588,-87.65201561
41.944988318,-87.790108886
41.889225372,-87.632674115
41.707642151,-87.601012811
41.781633531,-87.761722397
41.899906283,-87.752188751
41.98193445,-87.748046279
41.801565616,-87.640354317
41.811825508,-87.692775339
41.786199823,-87.713268112
41.952291758,-87.664309575
41.99003489,-87.72798028
41.867538627,-87.626208481
41.658739669,-87.615098869
41.801811091,-87.63056018
42.015062386,-87.683901234
41.739935068,-87.740889063
41.86565703,-87.627529419
41.749474451,-87.712718589
41.792236263,-87.781856168
41.870346524,-87.77412878
41.904708755,-87.649103018
41.680789104,-87.669789017
41.888079426,-87.62404737
41.762591746,-87.579226491
41.941257541,-87.72762798
41.909476168,-87.749172625
41.953766077,-87.914197073
41.912503239,-87.633011933
41.774763467,-87.638943237
41.773919011,-87.664213928
41.954068125,-87.701477829
41.921767629,-87.657276049
41.771054897,-87.568423088
41.677267306,-87.559436668
41.759434324,-87.658970019
41.867295837,-87.716529811
41.701006133,-87.606116986
41.932789922,-87.631954846
41.736206782,-87.643531648
41.772098233,-87.664164618
41.859381111,-87.623820426
41.933975028,-87.688088132
41.716842987,-87.655917105
41.89061999,-87.632409241
41.880978574,-87.617339635
41.95136097,-87.660029659
41.997541623,-87.777879062
41.756935274,-87.57738623
41.744344846,-87.667998927
41.927859079,-87.64199486
41.881949878,-87.696161305
41.913815368,-87.70700509
41.939338049,-87.716397185
41.948571115,-87.71262517
41.682134751,-87.66045585
41.77774241,-87.715192173
41.825869949,-87.684781794
41.749093657,-87.574573101
41.925450167,-87.668009262
41.794143766,-87.663930865
41.975007035,-87.698747628
41.878034428,-87.631171407
41.952769719,-87.809861207
41.775081469,-87.67152753
41.803636771,-87.72576678
41.7934746,-87.586863275
41.765398586,-87.626695501
41.715870203,-87.64321014
41.99404711,-87.686014565
41.801297756,-87.74039219
41.765617973,-87.56665273
41.725106045,-87.593797682
41.750751954,-87.707455979
41.840491005,-87.723373263
41.819320206,-87.694398314
41.765821873,-87.722586183
41.987856972,-87.847307922
41.786241183,-87.710777724
41.918110819,-87.677486697
41.939765919,-87.656388915
41.878531278,-87.63942746
41.962173638,-87.74746481
41.781234956,-87.661979905
41.83875801,-87.713563975
41.928142366,-87.733303381
41.943227375,-87.643480602
41.774300175,-87.586471302
41.80917373,-87.623096474
41.886778991,-87.628118552
41.873822401,-87.632750242
41.752866148,-87.675788385
41.652945792,-87.610470182
41.852950417,-87.629921432
41.944832105,-87.727500862
41.816783515,-87.631340178
41.983875636,-87.655443281
41.705638193,-87.620606248
41.850265712,-87.670935985
41.895502619,-87.723239039
41.721499844,-87.632157833
41.895543384,-87.719091424
42.004354705,-87.813673137
41.708264144,-87.56082659
41.733949626,-87.609486748
41.884290763,-87.715479683
41.742766071,-87.692498082
41.801963837,-87.618115464
41.887654772,-87.684005765
41.886731506,-87.609864713
41.76027114,-87.619032946
41.876338404,-87.70245407
41.876871564,-87.636987951
41.986111645,-87.748457146
41.942520006,-87.747112821
41.915110081,-87.683435349
41.909644085,-87.736374328
41.831960102,-87.704820401
41.744230973,-87.702385685
41.679079913,-87.559458672
41.749723972,-87.702539572
41.942365398,-87.722536829
41.925378775,-87.659969648
41.953783166,-87.710400873
41.70287575,-87.553574045
41.903496406,-87.650760642
41.875367723,-87.661946504
41.905511877,-87.725112
41.883113339,-87.641083791
41.900794823,-87.735950363
41.779983497,-87.637213027
41.970034502,-87.720683959
41.908062402,-87.755763909
41.773404722,-87.566571547
41.818626138,-87.724105062
41.97183162,-87.798693938
42.001640915,-87.775747532
41.867655195,-87.63935095
41.702685827,-87.559747707
41.954863644,-87.740711637
41.769285604,-87.629718164
41.896504537,-87.632633023
41.956959968,-87.765625763
41.936671541,-87.776005962
41.765532581,-87.57272437
41.76839298,-87.673770056
41.655484875,-87.559445329
41.73616511,-87.625587569
41.917404111,-87.715672502
41.754612988,-87.618378954
41.984444291,-87.751088113
41.837766836,-87.65860129
41.889284014,-87.626548548
41.989147227,-87.66257204
41.900958919,-87.619928174
41.997318655,-87.778366443
41.858600485,-87.630393921
41.874133273,-87.666744083
41.99400656,-87.784876143
42.016964211,-87.673021143
41.787452476,-87.65484507
41.92533,-87.678088559
41.881149471,-87.773110729
41.884628445,-87.622612699
41.924152362,-87.76121158
41.996447628,-87.66421612
41.814772545,-87.613251911
41.904639831,-87.624930085
41.873192642,-87.703301221
41.655655447,-87.617415513
41.877423564,-87.700962173
41.942367571,-87.759115959
41.798508221,-87.693784985
41.84332351,-87.714903078
41.961690232,-87.655251769
41.750067077,-87.54816253
41.909134571,-87.794928131
41.879517475,-87.73693243
41.917663987,-87.676798112
41.702606908,-87.613786577
41.791497853,-87.579873342
41.95585361,-87.710644535
41.892299287,-87.755355564
41.85965633,-87.708060866
41.793658483,-87.659865916
41.913999209,-87.745863692
41.928454081,-87.746615631
41.763374648,-87.637620096
41.886724614,-87.656986031
41.860198233,-87.715388833
41.65174685,-87.535175369
41.932965943,-87.642079549
41.875835082,-87.624212886
41.765701783,-87.609366043
41.777904603,-87.763681385
41.771253542,-87.586422683
41.961366489,-87.727986678
41.921653063,-87.687685219
41.939346957,-87.715674467
41.924591127,-87.708864344
41.764185434,-87.688269914
41.937563525,-87.841301775
41.9395278,-87.840039955
41.699617386,-87.636704755
41.875843894,-87.620444986
41.722941218,-87.662862871
41.778533625,-87.615525075
41.95557885,-87.836834957
41.879342296,-87.749282119
41.932978205,-87.639173498
41.917431884,-87.691271681
41.692752711,-87.596988754
41.929375664,-87.776052282
41.766349659,-87.686896801
41.842607902,-87.717031793
41.742553998,-87.692134785
41.721570706,-87.623873354
41.952424629,-87.664105167
41.952168856,-87.836775198
41.669488386,-87.641483411
41.939185673,-87.723774401
41.92454421,-87.647713212
41.830112526,-87.684308055
41.831152501,-87.623345481
41.738350861,-87.641527253
41.780679694,-87.584238376
41.954062239,-87.698390056
41.808203054,-87.704125461
41.707182175,-87.620361492
41.75085931,-87.624135846
41.773243586,-87.584510403
41.857164027,-87.661585248
41.673680645,-87.559105802
41.950403193,-87.814596864
41.892710585,-87.620130658
41.966207448,-87.710998145
41.895698353,-87.702823929
41.661808988,-87.618043891
41.789978993,-87.579020249
41.907586291,-87.648335939
41.95208773,-87.645178457
41.951350209,-87.786342464
41.807699479,-87.729850032
41.682534221,-87.61781339
41.828035141,-87.704697732
41.721792811,-87.623700276
41.809143018,-87.626229132
41.78732213,-87.598333288
41.812304492,-87.709191761
41.866940064,-87.666532428
41.952904644,-87.779070177
41.804248136,-87.586241847
41.971832995,-87.769463388
41.736601558,-87.6049681
41.742488368,-87.696065541
41.977722352,-87.68064013
41.969083319,-87.659819454
41.893257909,-87.622300975
41.802292663,-87.593553658
41.868238651,-87.696100158
42.009121943,-87.672329636
41.875097292,-87.678484605
41.922194155,-87.804755536
41.985638421,-87.655094323
41.73467132,-87.739120239
41.659009216,-87.617447906
41.918007144,-87.689091331
41.930778722,-87.643781972
41.851805656,-87.694428658
41.777749166,-87.78377295
41.926464979,-87.70712191
41.86416164,-87.688037092
41.948674922,-87.771156331
41.990906317,-87.670114493
41.875519669,-87.628808278
41.689010254,-87.672561531
41.964382778,-87.737044153
41.766481587,-87.611802353
41.89782823,-87.632880207
41.751036601,-87.625807148
41.751603226,-87.586565425
41.802226241,-87.723568151
41.7778651,-87.656946344
41.923715854,-87.775773137
41.894006652,-87.74592162
41.759727567,-87.663797581
41.997784312,-87.680192919
41.788028721,-87.648788315
41.938959153,-87.729494695
41.889225372,-87.632674115
41.675476819,-87.55941745
41.88598851,-87.745331511
41.721320365,-87.661612492
41.939487451,-87.700181974
41.886614632,-87.656981894
41.748767904,-87.566329627
41.77937222,-87.664365347
41.805884006,-87.599345268
41.74017704,-87.605070307
41.990889022,-87.766169087
41.855360233,-87.652847606
41.89906137,-87.730227211
41.954575276,-87.644414728
41.683163406,-87.61661834
41.780354515,-87.615313903
42.001729944,-87.776492155
41.874461384,-87.630820444
41.743051618,-87.658543028
41.987446801,-87.655453001
41.885403655,-87.773248877
42.022312425,-87.666980189
41.914897865,-87.687488502
41.923897722,-87.778210979
41.956139929,-87.693435042
42.002437643,-87.661191152
41.985402998,-87.656339557
41.695707449,-87.596641001
41.73808454,-87.566719627
41.774603131,-87.62502784
41.813829407,-87.616859569
41.87722034,-87.723910766
41.80921167,-87.690422174
41.819978856,-87.597388281
41.793969583,-87.637740671
41.985739773,-87.769462956
41.940430278,-87.772979133
41.805168265,-87.611209624
41.789780688,-87.703051576
41.767599162,-87.617401224
41.691580516,-87.690654392
41.987827424,-87.847103559
41.887231534,-87.77338542
41.997300799,-87.780425782
41.781245184,-87.800923119
41.726691838,-87.622483426
41.924254598,-87.702159026
41.784022442,-87.683624486
41.848946914,-87.622039082
41.937595087,-87.839703371
41.87090191,-87.757825815
41.931385977,-87.766310532
41.752992079,-87.580754751
41.882377743,-87.681403024
41.827759085,-87.626631593
41.961518227,-87.666495643
41.791553561,-87.664374418
41.877995316,-87.733207504
41.947680238,-87.697914086
41.848517057,-87.680791735
41.972289918,-87.648720292
41.874647647,-87.71121099
41.964349737,-87.723172492
41.864679479,-87.715519402
41.894756953,-87.763658145
41.857899312,-87.629507028
41.925955015,-87.630950265
41.802364309,-87.606303217
42.01029166,-87.787089921
41.772346569,-87.647168101
42.011563987,-87.816478859
41.809422136,-87.607945996
41.702685827,-87.559747707
41.765216003,-87.70268509
41.878217345,-87.62445584
41.940219374,-87.831194771
41.907842683,-87.752164181
41.926581717,-87.744099276
41.953879085,-87.650286393
41.773182304,-87.566795702
41.757175217,-87.626494608
41.746996624,-87.602486029
41.79337566,-87.683882094
41.775769881,-87.576347352
41.894049259,-87.622998525
41.922120797,-87.63024326
41.876104805,-87.735171485
41.885360942,-87.658950386
41.883101013,-87.634046292
41.902187086,-87.751299757
41.676602006,-87.661211901
41.880317712,-87.750746355
41.969433292,-87.742080004
41.834211493,-87.665800318
42.020454497,-87.66654797
41.867346418,-87.625974764
41.819970526,-87.597748659
41.9668118,-87.648819723
41.777937562,-87.606021896
41.781408004,-87.605807123
41.730491519,-87.556177493
41.898462643,-87.75737226
41.781373775,-87.716662672
41.860909304,-87.703147386
41.809290911,-87.616733046
41.910721184,-87.669059695
41.917989079,-87.7778938
41.888211221,-87.720840225
41.766124974,-87.591325592
41.751498628,-87.57734967
42.009241967,-87.665474355
41.744338842,-87.636043891
41.874707838,-87.706921898
41.946038191,-87.76276949
41.981682469,-87.836434274
41.759096898,-87.566436275
41.873946987,-87.686088378
41.749909872,-87.706968346
41.713979499,-87.653512313
41.836954396,-87.727664575
41.973595948,-87.846101522
41.715151739,-87.571907777
41.942354447,-87.734816878
41.873049366,-87.62771142
41.745891907,-87.604940578
41.721328205,-87.644988946
41.699690226,-87.629273242
41.935296958,-87.785684944
41.866746341,-87.630568047
41.752482414,-87.650093421
41.80706975,-87.624250053
41.904820498,-87.694316765
41.684691303,-87.662765031
41.920263084,-87.65965817
41.751105734,-87.62208008
41.696353761,-87.620664185
41.953635878,-87.72091261
41.817508296,-87.70202204
41.783430621,-87.703408722
41.837916235,-87.647616391
41.893924024,-87.76806307
41.750940414,-87.61991272
41.772333303,-87.669049673
41.839070562,-87.73185061
41.969272025,-87.647733413
41.940308944,-87.836098436
41.924935944,-87.687790255
41.910859691,-87.752545587
41.857078954,-87.661174669
41.919901586,-87.739019587
41.753990008,-87.594481581
41.736541701,-87.619296247
41.947401735,-87.649636584
41.99384949,-87.701292225
41.77024882,-87.66654032
41.855644985,-87.711339394
41.866005264,-87.744890804
41.995819334,-87.703702383
41.931428352,-87.746443556
41.878966836,-87.629193356
41.877056156,-87.769787169
41.753884677,-87.664886701
41.755324591,-87.56044444
41.915591177,-87.715488988
41.782239375,-87.586357893
41.86965475,-87.737863979
41.989788489,-87.748373844
41.778125476,-87.763603257
41.728804062,-87.576878836
41.805960539,-87.722449795
41.718438155,-87.679699564
41.758973539,-87.577299189
41.853866175,-87.63841574
41.808844886,-87.587189124
41.744458667,-87.711889308
41.984239154,-87.846596926
41.92608753,-87.630992552
41.873529872,-87.647239314
41.812316322,-87.664919151
41.882845282,-87.71118632
41.997541623,-87.777879062
41.997246104,-87.787448637
41.76512365,-87.642531428
41.873622612,-87.720491983
41.894824746,-87.755654916
41.750096184,-87.644175383
41.721970465,-87.60334804
41.765085758,-87.625791134
41.793799489,-87.693862336
41.936888914,-87.736820042
41.939279461,-87.638034809
41.732460257,-87.646702948
41.757186228,-87.588474734
41.964408067,-87.75268011
41.809153245,-87.624374305
41.736299988,-87.620727224
41.707844955,-87.588938725
41.77389713,-87.684197374
41.773292896,-87.586442368
41.657139918,-87.597750204
41.823021387,-87.68473353
41.909040661,-87.710393175
41.75393934,-87.702365139
41.890000815,-87.706534924
41.851508419,-87.719077366
41.997196148,-87.766632847
41.757063486,-87.58525931
41.772305533,-87.645956182
41.899207834,-87.717592965
41.817955665,-87.599766
41.881386284,-87.630719544
41.795814206,-87.790396556
41.8844735,-87.745570787
41.910940644,-87.648419043
41.975769476,-87.690889448
41.855157086,-87.71864159
41.706676155,-87.655997902
41.777858977,-87.695650993
41.949123401,-87.657890363
41.95379275,-87.72521004
41.764524053,-87.700429097
41.794321377,-87.770739388
41.849886357,-87.727813052
41.824201142,-87.626271227
41.956156204,-87.768470251
41.749435506,-87.61287952
41.895869384,-87.628033237
41.874861998,-87.629363045
41.723343209,-87.631941345
41.748944912,-87.643000929
41.968723711,-87.659414087
41.946565586,-87.699316295
41.86378491,-87.689108496
41.997975012,-87.681926113
41.958540413,-87.645981359
41.975680372,-87.724574585
41.903341795,-87.674674211
41.755939435,-87.644326983
41.890765381,-87.673809228
41.820238397,-87.609278844
41.89936159,-87.717516399
41.737662604,-87.653537312
41.934277997,-87.639194592
41.729185812,-87.542266338
41.997524194,-87.779911928
41.692970816,-87.681338895
41.952363928,-87.64517895
41.823089904,-87.685047699
41.875574821,-87.629089589
41.656356438,-87.537325565
41.715384199,-87.631985173
41.951177559,-87.77071369
41.75067417,-87.634168396
41.878692304,-87.633895818
41.825397179,-87.600161707
41.879978618,-87.635404318
41.747376931,-87.580059405
41.885774641,-87.628087481
41.832196069,-87.684308482
41.909610368,-87.755852279
41.787728825,-87.781782359
41.745981301,-87.703651196
41.882011202,-87.737849509
41.899558853,-87.720255383
41.854704678,-87.683858047
41.947137953,-87.66650317
41.878390124,-87.624237311
41.737011572,-87.586545586
41.853650177,-87.670836614
41.982315221,-87.806731502
41.87025039,-87.62427758
41.736105394,-87.63158445
41.750891047,-87.625968505
41.698877583,-87.613394361
41.903775882,-87.632465098
42.006637073,-87.665547157
41.929848997,-87.684643784
41.779840002,-87.64613076
41.797690623,-87.648214808
41.70239106,-87.717132287
41.807781269,-87.721925062
41.895781933,-87.616319701
41.779972678,-87.631980817
41.997543023,-87.775081554
41.937868625,-87.785775583
41.746948036,-87.654915616
41.784598841,-87.762135633
41.941511365,-87.661322735
41.851008677,-87.690368536
41.964733639,-87.690410086
41.837069612,-87.659649074
41.689755228,-87.681236599
41.799927307,-87.664591598
41.806676121,-87.720937439
41.940290436,-87.829020405
41.76413341,-87.593225809
41.830815193,-87.649529739
41.890027135,-87.686820754
41.948962611,-87.808491811
41.947748196,-87.722394678
41.851353909,-87.700191404
41.734026633,-87.653138185
41.966362787,-87.851193213
41.917014797,-87.748202079
41.750212478,-87.567574292
41.810535724,-87.664688608
41.896661061,-87.702177524
41.876495631,-87.744985905
41.89166368,-87.614366689
41.871812885,-87.745077386
41.830015862,-87.665409568
41.764060252,-87.566626794
41.802355878,-87.606570409
41.795188563,-87.579373001
41.755790457,-87.658875122
42.003684901,-87.780681976
42.022123398,-87.667172204
41.828718064,-87.724320605
41.739838764,-87.540213891
41.720755863,-87.660342259
41.681795198,-87.559490506
41.801234297,-87.684373734
41.997380938,-87.795697372
41.669343741,-87.539049912
41.945630315,-87.779587403
41.684297488,-87.629912604
41.744080355,-87.604973661
41.877476962,-87.68619603
41.910015328,-87.724727851
41.917275069,-87.726622746
41.952992391,-87.83682557
41.753893544,-87.739790792
41.921052149,-87.716948794
41.789978993,-87.579020249
41.934988483,-87.769956857
41.990546522,-87.700471977
41.791420282,-87.580147769
41.915119138,-87.735577276
41.721345885,-87.650796334
41.801437857,-87.617879485
41.95094227,-87.644219422
41.951949987,-87.836798058
41.776522223,-87.592834721
42.002668914,-87.660641506
41.796597173,-87.662369932
41.806129575,-87.664757036
41.704625113,-87.526029683
41.883331672,-87.62626806
41.817006617,-87.699259836
41.735138937,-87.575820491
41.899728498,-87.73592162
41.694835946,-87.642310027
41.703398089,-87.536347391
41.932102783,-87.668234218
41.877683789,-87.666836909
41.953100729,-87.764656926
41.794453385,-87.642854236
41.73775902,-87.643810086
41.74298409,-87.663396555
41.744129184,-87.578235889
41.760455345,-87.607740562
41.880312138,-87.692542145
41.788667855,-87.654590154
41.938677966,-87.749900946
41.923793303,-87.630579316
41.88516733,-87.718409261
42.018001135,-87.680605132
41.964824295,-87.720739556
41.697459261,-87.647555861
41.809356914,-87.743047645
41.846864177,-87.675848237
41.868846241,-87.705598524
41.89016266,-87.75562222
41.663187608,-87.641272588
41.884987278,-87.715294952
41.764185795,-87.586426389
41.808054268,-87.703825541
41.857530859,-87.644928607
41.897665479,-87.625143983
41.766127184,-87.715445546
41.856608401,-87.627324999
41.7472372,-87.706565225
41.783374146,-87.703407431
41.693946373,-87.68136833
41.80869076,-87.667457885
41.926397968,-87.785698503
41.787524274,-87.641472824
41.780693093,-87.664102996
41.75353451,-87.575967389
41.883234348,-87.636649062
41.877020044,-87.739435022
41.914816804,-87.634027625
41.898381124,-87.618288017
41.786621491,-87.663013844
41.939962539,-87.656686555
41.952857128,-87.791501473
41.952588958,-87.844025987
41.946776596,-87.821988148
41.713425191,-87.545589071
41.792130668,-87.663449198
41.790714163,-87.649444797
41.845589404,-87.690218688
41.795961984,-87.66457764
41.874537312,-87.725596902
41.760289885,-87.618103888
41.767229778,-87.626460554
41.959208439,-87.839592878
41.734648457,-87.682338594
41.794229728,-87.625542711
41.846947499,-87.724781979
41.767715777,-87.62476528
41.803117732,-87.721890122
42.010624557,-87.690358578
41.85198384,-87.685785704
41.865784541,-87.645214774
41.685376692,-87.680809382
42.012847332,-87.663619778
41.895338003,-87.719821987
41.793830419,-87.773906418
41.830208426,-87.605213041
41.694344981,-87.667509411
41.928681287,-87.763816806
41.957126707,-87.751269015
41.90322168,-87.681794142
41.795523332,-87.653550116
41.891429388,-87.754001585
41.761966697,-87.615350518
41.848845298,-87.675262717
41.923270253,-87.753805239
41.860526509,-87.706865629
41.922017007,-87.75623353
41.897889442,-87.736165968
41.728530278,-87.625373364
41.697769752,-87.659534817
41.697459261,-87.647555861
41.776345842,-87.615382027
41.964718064,-87.726738695
41.968356578,-87.707109476
41.909111795,-87.721783729
41.80214669,-87.620434686
41.87094666,-87.676220588
41.888198373,-87.613822019
41.854184616,-87.671119399
41.991928756,-87.655296396
41.878054849,-87.647391001
41.763610093,-87.671215754
41.722382199,-87.589887931
41.801477947,-87.660801923
41.954323838,-87.674320837
41.909435015,-87.701951327
41.782792631,-87.586665002
41.918635395,-87.680272741
41.684396779,-87.559520165
41.680901116,-87.614532205
41.714159006,-87.559904446
41.895781419,-87.693886178
41.917163974,-87.735476198
41.802339881,-87.589524601
41.864161688,-87.702007614
41.954044426,-87.705727891
41.906553916,-87.687500234
41.751356411,-87.736713172
41.786004452,-87.727088807
41.88571554,-87.728375607
41.767767842,-87.586447291
41.978259008,-87.651167283
41.854215966,-87.730740212
41.905578021,-87.694284091
41.777422571,-87.670389335
41.866352452,-87.622673886
41.995005111,-87.766020776
41.956332782,-87.836831103
41.774717165,-87.683667093
41.860631766,-87.722426316
41.932259803,-87.697768696
41.975984047,-87.78656131
41.966143464,-87.851180349
41.76431015,-87.658802558
41.912188052,-87.680490716
41.850913182,-87.724907915
41.96191357,-87.652826476
41.744044136,-87.711035537
41.805031871,-87.616331999
41.97633065,-87.748177416
41.755917648,-87.650386128
41.895078838,-87.615846658
41.72202377,-87.612874384
41.682696265,-87.559501385
41.936082098,-87.727244524
41.806016684,-87.664753467
41.758199597,-87.621680279
41.919856028,-87.68733647
41.894842905,-87.638617062
41.702574235,-87.687310026
41.921526353,-87.676311525
41.984894551,-87.690565486
41.746811563,-87.55265402
41.945332631,-87.651472395
41.764839251,-87.68118881
41.682473556,-87.66046542
41.87505947,-87.686403583
41.9086958,-87.726625261
41.801058342,-87.684074344
41.726574186,-87.662950767
41.92390112,-87.763587453
41.956263981,-87.747547011
41.804868383,-87.673527271
41.883109592,-87.685826737
41.986382969,-87.836433754
41.968386832,-87.703289356
41.948176698,-87.688151679
41.876632514,-87.693053784
41.895661729,-87.706710741
41.974542948,-87.811346884
41.681706343,-87.620779885
41.818178097,-87.743611856
41.780319884,-87.617226563
41.887202882,-87.706452668
41.926200718,-87.631330873
41.882049291,-87.701356421
41.985556767,-87.65336148
41.945751599,-87.836615801
41.897675113,-87.624725143
41.981205647,-87.836434327
41.792956108,-87.740461743
41.94017053,-87.781292864
41.96775644,-87.777396104
41.871289049,-87.745001472
41.95383612,-87.722651433
41.992556524,-87.665110113
41.924459675,-87.738240217
41.858877754,-87.628150311
41.779717683,-87.654565525
41.876988484,-87.724739797
41.766031879,-87.567881195
41.790737588,-87.57970936
41.764330122,-87.683086879
41.969249364,-87.651101613
41.86025621,-87.624135358
41.940338818,-87.836883843
41.927051362,-87.668359476
41.992593012,-87.68002975
41.778151506,-87.703452508
41.761434831,-87.645467557
41.940053853,-87.720949319
41.989637856,-87.669833951
41.957940147,-87.64965206
41.900650525,-87.687112346
41.898549321,-87.747837023
41.987247858,-87.72840248
41.883100959,-87.631319489
41.886611404,-87.619036115
41.752370133,-87.657787007
41.777261773,-87.800749629
41.882247018,-87.75611123
41.9410852,-87.836385877
41.752844181,-87.62607679
41.750751157,-87.644107793
41.857100701,-87.616195055
41.878680672,-87.676725524
42.001166922,-87.77528927
41.763374648,-87.637620096
41.917668612,-87.676545205
41.870003196,-87.719222705
41.777596148,-87.661873593
41.867287162,-87.645246942
41.981124421,-87.787622693
41.92390112,-87.763587453
41.800917105,-87.590619795
41.656927122,-87.595471303
41.755204241,-87.69215101
41.984752706,-87.748141496
41.931699278,-87.742310354
41.726726512,-87.60443846
41.876667046,-87.762951627
41.677875016,-87.645506951
41.771422336,-87.586427401
41.997817807,-87.690033035
41.892182323,-87.648878015
41.900958919,-87.619928174
41.792809505,-87.622562967
41.89525724,-87.726140193
41.780145279,-87.624486208
41.766886906,-87.683450405
41.780292691,-87.660740319
41.75888071,-87.673233841
41.809157958,-87.635727325
41.661322575,-87.618142587
41.905188234,-87.746226069
41.750956294,-87.644197053
41.792094888,-87.702149418
41.941320657,-87.638744272
41.673678986,-87.559398607
41.952158994,-87.836361408
41.867402434,-87.620427605
41.780147502,-87.621861682
41.879872614,-87.725516924
41.743525781,-87.62560461
41.921572679,-87.656978074
41.867134208,-87.64423752
41.985526511,-87.74845484
41.909562874,-87.675966556
41.790789913,-87.633913268
41.882018057,-87.773127818
41.814166729,-87.601647488
41.710774724,-87.635553437
41.707740014,-87.594141282
41.957603991,-87.836821237
41.947160697,-87.652800812
41.742889586,-87.682826639
41.9308684,-87.736216809
41.883737197,-87.642861608
41.966874241,-87.688883538
41.88553357,-87.636638671
41.919593421,-87.731383676
42.010845445,-87.81741193
41.751194338,-87.605367326
41.780128777,-87.615650889
42.002736876,-87.778096427
41.76347671,-87.645338947
41.772174743,-87.614147151
41.888076796,-87.750599027
41.931624143,-87.776127166
41.878441674,-87.617285486
41.692006983,-87.66191614
41.904122584,-87.624570013
42.015919125,-87.669066533
41.990346333,-87.697025923
41.876965491,-87.768278684
41.764828008,-87.661701545
41.680884627,-87.559187034
41.772211313,-87.669044505
41.72406721,-87.604664604
41.82956111,-87.678768812
41.763876236,-87.610530685
41.924732447,-87.715404372
41.824912331,-87.602117487
41.744925646,-87.669307552
41.923355205,-87.659210347
41.979653562,-87.800743926
41.851568256,-87.713698826
41.927164826,-87.806219044
41.721364144,-87.659415086
41.777430741,-87.674001589
41.884513288,-87.692307263
41.691928977,-87.528320756
41.742946735,-87.664401692
41.907398159,-87.674133917
41.899248597,-87.624274978
41.962363766,-87.774699455
41.928854961,-87.79555122
41.920684465,-87.783064311
41.78862848,-87.6573083
41.918917734,-87.746319556
41.869829211,-87.732548581
41.747731721,-87.58595136
41.941197974,-87.647480495
41.867326572,-87.625471664
41.992092016,-87.718975247
41.709189079,-87.617533069
41.875193909,-87.672344949
41.736261699,-87.629064716
41.936437297,-87.736805602
41.990008007,-87.748376951
41.790054663,-87.652193112
41.840685803,-87.654220109
41.977892642,-87.679607193
41.92608753,-87.630992552
41.764548406,-87.582552178
41.687053755,-87.627885036
41.867362693,-87.639293195
41.903590314,-87.659213209
41.999074196,-87.789621325
41.858775158,-87.725099585
41.911118826,-87.738739915
41.904828887,-87.705627099
41.768636785,-87.664051379
41.854153459,-87.715486478
41.771590361,-87.664149696
41.928144403,-87.717146486
41.68496064,-87.64302231
41.865691262,-87.765304384
41.776946653,-87.676426962
41.822909679,-87.690097334
41.904259965,-87.667664756
41.909062153,-87.800244708
42.002884121,-87.778415967
41.805915074,-87.584839017
41.73582652,-87.671438303
41.772479926,-87.637499239
41.792057246,-87.664681654
41.656825253,-87.602480049
41.854011324,-87.682211142
41.886885706,-87.654360777
41.721770362,-87.628604714
41.691722781,-87.697040469
41.889959161,-87.706510077
41.858248628,-87.651042485
41.893040414,-87.712729233
41.775083627,-87.715167605
41.751874234,-87.563748655
41.93777494,-87.648740807
41.991774387,-87.660468914
41.764832581,-87.675815946
41.987670688,-87.846060422
41.883176267,-87.635194817
41.913942211,-87.73608791
41.663364921,-87.619824553
41.899273803,-87.64129011
41.895485009,-87.702214807
41.722415845,-87.587714591
41.979597349,-87.846293349
41.997455724,-87.788407404
41.945411604,-87.649575086
41.940054458,-87.714752377
42.012643939,-87.68039343
41.916362532,-87.666311232
41.971713543,-87.648877763
41.781086419,-87.689645615
41.799675287,-87.645441278
41.745091071,-87.639243508
41.933981791,-87.729645038
41.92217123,-87.629957173
41.852572168,-87.65831164
41.787070093,-87.636003677
41.92750383,-87.775989049
41.91814937,-87.785129165
41.675317026,-87.641971383
41.791040877,-87.66465377
41.938347184,-87.790857839
41.828459073,-87.675173848
41.961372933,-87.676825233
41.883273521,-87.745233965
41.980229799,-87.802366983
41.742577617,-87.633936931
41.756139129,-87.649096263
41.944837085,-87.654109747
41.945064857,-87.816734028
41.844422959,-87.720012308
41.786841638,-87.665747188
41.779041524,-87.692027098
41.968132962,-87.748053188
41.8208993,-87.695330198
41.848480193,-87.617935924
41.93066028,-87.726800325
41.8615261,-87.72488458
41.942418093,-87.760148629
41.794883658,-87.617947591
41.793420237,-87.703697508
41.721986199,-87.613999564
41.673678986,-87.559398607
41.880604507,-87.745539842
41.759212473,-87.555626822
41.842706392,-87.64137301
41.799599067,-87.650298299
41.690482461,-87.613454785
41.997169331,-87.813481246
41.785782739,-87.605891379
41.800731461,-87.703616874
41.661157071,-87.645273067
41.902791059,-87.667624446
41.90166228,-87.632707736
41.850330939,-87.714811924
41.985243134,-87.653237593
41.896571131,-87.643827925
41.888740291,-87.765304021
41.884133729,-87.678478132
41.903814145,-87.629918534
41.781792514,-87.771793156
41.8796405,-87.625832483
41.879489329,-87.624498125
41.910706997,-87.662327245
41.837132671,-87.704967115
41.90734437,-87.693110625
41.963177087,-87.699885157
41.87094078,-87.716291829
41.959211768,-87.836549227
41.896855157,-87.682099525
41.812538783,-87.650843309
41.69229669,-87.656551063
41.910719243,-87.667840807
41.775866077,-87.775195807
42.00561639,-87.663053981
41.688978591,-87.720092961
41.916855337,-87.635279147
41.772446257,-87.669052998
41.793877975,-87.613737174
41.762929559,-87.585696811
41.734596249,-87.637348923
41.73616511,-87.625587569
41.933160045,-87.753296755
41.768434293,-87.664382937
42.000596607,-87.792446117
41.908351502,-87.690199282
41.694881684,-87.559650193
41.879083816,-87.753359142
41.75130515,-87.592989508
41.997416043,-87.772994253
41.993900074,-87.727793899
41.967114771,-87.708577093
41.713900423,-87.659381937
41.813002681,-87.611687686
41.896137986,-87.689465215
41.892300015,-87.647750205
41.898405947,-87.763395947
41.997290218,-87.782912779
41.996027563,-87.764253591
41.752577667,-87.586202467
